,Entity,year,microplastics,macroplastics
0,Emissions growth to 2050,1950,0,0
1,Emissions growth to 2050,1951,0,400
2,Emissions growth to 2050,1952,0,600
3,Emissions growth to 2050,1953,0,1000
4,Emissions growth to 2050,1954,100,1300
5,Emissions growth to 2050,1955,100,1800
6,Emissions growth to 2050,1956,200,2400
7,Emissions growth to 2050,1957,200,3000
8,Emissions growth to 2050,1958,300,3800
9,Emissions growth to 2050,1959,400,4600
10,Emissions growth to 2050,1960,600,5600
11,Emissions growth to 2050,1961,700,6700
12,Emissions growth to 2050,1962,900,8100
13,Emissions growth to 2050,1963,1200,9600
14,Emissions growth to 2050,1964,1500,11500
15,Emissions growth to 2050,1965,1800,13500
16,Emissions growth to 2050,1966,2200,16000
17,Emissions growth to 2050,1967,2700,18800
18,Emissions growth to 2050,1968,3300,22000
19,Emissions growth to 2050,1969,3900,25900
20,Emissions growth to 2050,1970,4700,30200
21,Emissions growth to 2050,1971,5600,34900
22,Emissions growth to 2050,1972,6600,40300
23,Emissions growth to 2050,1973,7900,46500
24,Emissions growth to 2050,1974,9300,53100
25,Emissions growth to 2050,1975,10800,59200
26,Emissions growth to 2050,1976,12600,66200
27,Emissions growth to 2050,1977,14600,73600
28,Emissions growth to 2050,1978,16800,81600
29,Emissions growth to 2050,1979,19300,90400
30,Emissions growth to 2050,1980,22000,99300
31,Emissions growth to 2050,1981,25000,108400
32,Emissions growth to 2050,1982,28200,117800
33,Emissions growth to 2050,1983,31700,127800
34,Emissions growth to 2050,1984,35600,138500
35,Emissions growth to 2050,1985,39700,149600
36,Emissions growth to 2050,1986,44200,161300
37,Emissions growth to 2050,1987,49100,174000
38,Emissions growth to 2050,1988,54300,187300
39,Emissions growth to 2050,1989,59900,201200
40,Emissions growth to 2050,1990,65900,215900
41,Emissions growth to 2050,1991,72400,231000
42,Emissions growth to 2050,1992,79300,247000
43,Emissions growth to 2050,1993,86800,263600
44,Emissions growth to 2050,1994,94700,281600
45,Emissions growth to 2050,1995,103100,300200
46,Emissions growth to 2050,1996,112100,320200
47,Emissions growth to 2050,1997,121700,341500
48,Emissions growth to 2050,1998,132000,363900
49,Emissions growth to 2050,1999,142900,387800
50,Emissions growth to 2050,2000,154500,413100
51,Emissions growth to 2050,2001,166900,439200
52,Emissions growth to 2050,2002,180100,466800
53,Emissions growth to 2050,2003,194100,495500
54,Emissions growth to 2050,2004,209000,525900
55,Emissions growth to 2050,2005,224700,557100
56,Emissions growth to 2050,2006,241400,590200
57,Emissions growth to 2050,2007,259200,625000
58,Emissions growth to 2050,2008,277900,658800
59,Emissions growth to 2050,2009,297700,693400
60,Emissions growth to 2050,2010,318500,730100
61,Emissions growth to 2050,2011,340400,768000
62,Emissions growth to 2050,2012,363400,807200
63,Emissions growth to 2050,2013,387600,847900
64,Emissions growth to 2050,2014,413100,890200
65,Emissions growth to 2050,2015,439800,934100
66,Emissions growth to 2050,2016,467800,979500
67,Emissions growth to 2050,2017,497200,1026500
68,Emissions growth to 2050,2018,528000,1075200
69,Emissions growth to 2050,2019,560200,1125400
70,Emissions growth to 2050,2020,594000,1177400
71,Emissions growth to 2050,2021,629300,1231200
72,Emissions growth to 2050,2022,666300,1286800
73,Emissions growth to 2050,2023,704900,1344400
74,Emissions growth to 2050,2024,745200,1403900
75,Emissions growth to 2050,2025,787300,1465500
76,Emissions growth to 2050,2026,831300,1529300
77,Emissions growth to 2050,2027,877200,1595300
78,Emissions growth to 2050,2028,925000,1663700
79,Emissions growth to 2050,2029,974900,1734500
80,Emissions growth to 2050,2030,1027000,1807700
81,Emissions growth to 2050,2031,1081200,1883600
82,Emissions growth to 2050,2032,1137700,1962200
83,Emissions growth to 2050,2033,1196600,2043500
84,Emissions growth to 2050,2034,1257900,2127800
85,Emissions growth to 2050,2035,1321700,2215100
86,Emissions growth to 2050,2036,1388200,2305500
87,Emissions growth to 2050,2037,1457300,2399100
88,Emissions growth to 2050,2038,1529300,2496100
89,Emissions growth to 2050,2039,1604200,2596600
90,Emissions growth to 2050,2040,1682100,2700600
91,Emissions growth to 2050,2041,1763100,2808400
92,Emissions growth to 2050,2042,1847300,2920100
93,Emissions growth to 2050,2043,1934900,3035800
94,Emissions growth to 2050,2044,2026000,3155700
95,Emissions growth to 2050,2045,2120700,3279900
96,Emissions growth to 2050,2046,2219100,3408600
97,Emissions growth to 2050,2047,2321300,3542000
98,Emissions growth to 2050,2048,2427600,3680200
99,Emissions growth to 2050,2049,2538000,3823500
100,Emissions growth to 2050,2050,2652700,3971900
101,Emissions level to 2020,1950,0,0
102,Emissions level to 2020,1951,0,400
103,Emissions level to 2020,1952,0,600
104,Emissions level to 2020,1953,0,1000
105,Emissions level to 2020,1954,100,1300
106,Emissions level to 2020,1955,100,1800
107,Emissions level to 2020,1956,200,2400
108,Emissions level to 2020,1957,200,3000
109,Emissions level to 2020,1958,300,3800
110,Emissions level to 2020,1959,400,4600
111,Emissions level to 2020,1960,600,5600
112,Emissions level to 2020,1961,700,6700
113,Emissions level to 2020,1962,900,8100
114,Emissions level to 2020,1963,1200,9600
115,Emissions level to 2020,1964,1500,11500
116,Emissions level to 2020,1965,1800,13500
117,Emissions level to 2020,1966,2200,16000
118,Emissions level to 2020,1967,2700,18800
119,Emissions level to 2020,1968,3300,22000
120,Emissions level to 2020,1969,3900,25900
121,Emissions level to 2020,1970,4700,30200
122,Emissions level to 2020,1971,5600,34900
123,Emissions level to 2020,1972,6600,40300
124,Emissions level to 2020,1973,7900,46500
125,Emissions level to 2020,1974,9300,53100
126,Emissions level to 2020,1975,10800,59200
127,Emissions level to 2020,1976,12600,66200
128,Emissions level to 2020,1977,14600,73600
129,Emissions level to 2020,1978,16800,81600
130,Emissions level to 2020,1979,19300,90400
131,Emissions level to 2020,1980,22000,99300
132,Emissions level to 2020,1981,25000,108400
133,Emissions level to 2020,1982,28200,117800
134,Emissions level to 2020,1983,31700,127800
135,Emissions level to 2020,1984,35600,138500
136,Emissions level to 2020,1985,39700,149600
137,Emissions level to 2020,1986,44200,161300
138,Emissions level to 2020,1987,49100,174000
139,Emissions level to 2020,1988,54300,187300
140,Emissions level to 2020,1989,59900,201200
141,Emissions level to 2020,1990,65900,215900
142,Emissions level to 2020,1991,72400,231000
143,Emissions level to 2020,1992,79300,247000
144,Emissions level to 2020,1993,86800,263600
145,Emissions level to 2020,1994,94700,281600
146,Emissions level to 2020,1995,103100,300200
147,Emissions level to 2020,1996,112100,320200
148,Emissions level to 2020,1997,121700,341500
149,Emissions level to 2020,1998,132000,363900
150,Emissions level to 2020,1999,142900,387800
151,Emissions level to 2020,2000,154500,413100
152,Emissions level to 2020,2001,166900,439200
153,Emissions level to 2020,2002,180100,466800
154,Emissions level to 2020,2003,194100,495500
155,Emissions level to 2020,2004,209000,525900
156,Emissions level to 2020,2005,224700,557100
157,Emissions level to 2020,2006,241400,590200
158,Emissions level to 2020,2007,259200,625000
159,Emissions level to 2020,2008,277900,658800
160,Emissions level to 2020,2009,297700,693400
161,Emissions level to 2020,2010,318500,730100
162,Emissions level to 2020,2011,340400,768000
163,Emissions level to 2020,2012,363400,807200
164,Emissions level to 2020,2013,387600,847900
165,Emissions level to 2020,2014,413100,890200
166,Emissions level to 2020,2015,439800,934100
167,Emissions level to 2020,2016,467800,979500
168,Emissions level to 2020,2017,497200,1026500
169,Emissions level to 2020,2018,528000,1075200
170,Emissions level to 2020,2019,560200,1125400
171,Emissions level to 2020,2020,594000,1177400
172,Emissions level to 2020,2021,629300,1229700
173,Emissions level to 2020,2022,666200,1281900
174,Emissions level to 2020,2023,704700,1334100
175,Emissions level to 2020,2024,744700,1385800
176,Emissions level to 2020,2025,786300,1437100
177,Emissions level to 2020,2026,829400,1487900
178,Emissions level to 2020,2027,874000,1538000
179,Emissions level to 2020,2028,920200,1587600
180,Emissions level to 2020,2029,967800,1636500
181,Emissions level to 2020,2030,1016900,1684700
182,Emissions level to 2020,2031,1067400,1732300
183,Emissions level to 2020,2032,1119400,1779300
184,Emissions level to 2020,2033,1172800,1825500
185,Emissions level to 2020,2034,1227500,1871100
186,Emissions level to 2020,2035,1283700,1916000
187,Emissions level to 2020,2036,1341100,1960200
188,Emissions level to 2020,2037,1400000,2003700
189,Emissions level to 2020,2038,1460100,2046600
190,Emissions level to 2020,2039,1521500,2088700
191,Emissions level to 2020,2040,1584100,2130200
192,Emissions level to 2020,2041,1648000,2171000
193,Emissions level to 2020,2042,1713200,2211100
194,Emissions level to 2020,2043,1779500,2250700
195,Emissions level to 2020,2044,1847000,2289600
196,Emissions level to 2020,2045,1915700,2327900
197,Emissions level to 2020,2046,1985500,2365500
198,Emissions level to 2020,2047,2056500,2402600
199,Emissions level to 2020,2048,2128600,2439100
200,Emissions level to 2020,2049,2201800,2475000
201,Emissions level to 2020,2050,2276000,2510400
202,Emissions stop in 2020,1950,0,0
203,Emissions stop in 2020,1951,0,400
204,Emissions stop in 2020,1952,0,600
205,Emissions stop in 2020,1953,0,1000
206,Emissions stop in 2020,1954,100,1300
207,Emissions stop in 2020,1955,100,1800
208,Emissions stop in 2020,1956,200,2400
209,Emissions stop in 2020,1957,200,3000
210,Emissions stop in 2020,1958,300,3800
211,Emissions stop in 2020,1959,400,4600
212,Emissions stop in 2020,1960,600,5600
213,Emissions stop in 2020,1961,700,6700
214,Emissions stop in 2020,1962,900,8100
215,Emissions stop in 2020,1963,1200,9600
216,Emissions stop in 2020,1964,1500,11500
217,Emissions stop in 2020,1965,1800,13500
218,Emissions stop in 2020,1966,2200,16000
219,Emissions stop in 2020,1967,2700,18800
220,Emissions stop in 2020,1968,3300,22000
221,Emissions stop in 2020,1969,3900,25900
222,Emissions stop in 2020,1970,4700,30200
223,Emissions stop in 2020,1971,5600,34900
224,Emissions stop in 2020,1972,6600,40300
225,Emissions stop in 2020,1973,7900,46500
226,Emissions stop in 2020,1974,9300,53100
227,Emissions stop in 2020,1975,10800,59200
228,Emissions stop in 2020,1976,12600,66200
229,Emissions stop in 2020,1977,14600,73600
230,Emissions stop in 2020,1978,16800,81600
231,Emissions stop in 2020,1979,19300,90400
232,Emissions stop in 2020,1980,22000,99300
233,Emissions stop in 2020,1981,25000,108400
234,Emissions stop in 2020,1982,28200,117800
235,Emissions stop in 2020,1983,31700,127800
236,Emissions stop in 2020,1984,35600,138500
237,Emissions stop in 2020,1985,39700,149600
238,Emissions stop in 2020,1986,44200,161300
239,Emissions stop in 2020,1987,49100,174000
240,Emissions stop in 2020,1988,54300,187300
241,Emissions stop in 2020,1989,59900,201200
242,Emissions stop in 2020,1990,65900,215900
243,Emissions stop in 2020,1991,72400,231000
244,Emissions stop in 2020,1992,79300,247000
245,Emissions stop in 2020,1993,86800,263600
246,Emissions stop in 2020,1994,94700,281600
247,Emissions stop in 2020,1995,103100,300200
248,Emissions stop in 2020,1996,112100,320200
249,Emissions stop in 2020,1997,121700,341500
250,Emissions stop in 2020,1998,132000,363900
251,Emissions stop in 2020,1999,142900,387800
252,Emissions stop in 2020,2000,154500,413100
253,Emissions stop in 2020,2001,166900,439200
254,Emissions stop in 2020,2002,180100,466800
255,Emissions stop in 2020,2003,194100,495500
256,Emissions stop in 2020,2004,209000,525900
257,Emissions stop in 2020,2005,224700,557100
258,Emissions stop in 2020,2006,241400,590200
259,Emissions stop in 2020,2007,259200,625000
260,Emissions stop in 2020,2008,277900,658800
261,Emissions stop in 2020,2009,297700,693400
262,Emissions stop in 2020,2010,318500,730100
263,Emissions stop in 2020,2011,340400,768000
264,Emissions stop in 2020,2012,363400,807200
265,Emissions stop in 2020,2013,387600,847900
266,Emissions stop in 2020,2014,413100,890200
267,Emissions stop in 2020,2015,439800,934100
268,Emissions stop in 2020,2016,467800,979500
269,Emissions stop in 2020,2017,497200,1026500
270,Emissions stop in 2020,2018,528000,1075200
271,Emissions stop in 2020,2019,560200,1125400
272,Emissions stop in 2020,2020,594000,1136000
273,Emissions stop in 2020,2021,628100,1141600
274,Emissions stop in 2020,2022,662300,1141400
275,Emissions stop in 2020,2023,696600,1136200
276,Emissions stop in 2020,2024,730600,1127400
277,Emissions stop in 2020,2025,764500,1116200
278,Emissions stop in 2020,2026,798000,1103700
279,Emissions stop in 2020,2027,831100,1090700
280,Emissions stop in 2020,2028,863800,1077300
281,Emissions stop in 2020,2029,896100,1063800
282,Emissions stop in 2020,2030,928000,1049900
283,Emissions stop in 2020,2031,959500,1035800
284,Emissions stop in 2020,2032,990600,1021300
285,Emissions stop in 2020,2033,1021200,1006500
286,Emissions stop in 2020,2034,1051400,991600
287,Emissions stop in 2020,2035,1081200,976600
288,Emissions stop in 2020,2036,1110500,961700
289,Emissions stop in 2020,2037,1139300,947000
290,Emissions stop in 2020,2038,1167700,932500
291,Emissions stop in 2020,2039,1195700,918300
292,Emissions stop in 2020,2040,1223300,904500
293,Emissions stop in 2020,2041,1250400,890900
294,Emissions stop in 2020,2042,1277100,877600
295,Emissions stop in 2020,2043,1303500,864700
296,Emissions stop in 2020,2044,1329400,851900
297,Emissions stop in 2020,2045,1355000,839500
298,Emissions stop in 2020,2046,1380100,827100
299,Emissions stop in 2020,2047,1405000,815000
300,Emissions stop in 2020,2048,1429400,802800
301,Emissions stop in 2020,2049,1453500,790700
302,Emissions stop in 2020,2050,1477200,778600
